20120622-05:24:32;103,784996;0,470470;48,827768;102,941216;0,438246;45,113617;0,000000;0,000000;0,000000;0,000000;0.000000;0,000000;0,000000;276,890
20120622-05:26:00;265,182526;0,027390;7,263455;265,359131;0,000000;0,000000;226,731720;0,743353;0,000000;50,014004;0.000000;19,936628;19,650818;276,890
20120622-05:28:00;278,467163;0,026585;7,402994;278,526031;0,000000;0,000000;226,236084;0,743353;0,000000;50,006001;0.000000;20,222567;19,939495;276,890
20120622-05:30:00;239,182327;0,043502;10,405006;238,456284;0,017723;4,226209;226,366638;1,050369;0,000000;50,000999;0.000000;21,826664;20,545082;276,890
20120622-05:32:00;309,588928;0,044308;13,717267;207,216782;0,028196;5,842685;226,275269;0,333595;0,000000;50,016006;0.000000;22,500975;20,887136;276,890
20120622-05:34:00;329,859283;0,047530;15,678344;225,112778;0,039474;8,886192;226,053177;0,250796;6,767578;49,997002;27.550194;22,791943;21,077326;276,890
20120622-05:36:00;320,558075;0,045919;14,719771;232,039627;0,038669;8,972694;226,209961;1,050369;0,000000;50,010002;0.000000;23,168909;21,362564;276,890
20120622-05:38:00;328,387573;0,047530;15,608393;229,508286;0,040280;9,244594;226,183838;0,250796;0,000000;49,998001;0.000000;23,359669;21,464005;276,890
20120622-05:40:00;333,038177;0,047530;15,829438;244,441223;0,041086;10,043015;225,922470;0,250796;0,000000;50,017006;0.000000;23,549864;21,647932;276,890
20120622-05:42:00;337,786896;0,048336;16,327268;242,734039;0,039474;9,581781;226,523148;0,397128;0,000000;50,009003;0.000000;23,740625;21,838121;276,890
20120622-05:44:00;275,955444;0,068476;18,896325;258,922852;0,041891;10,846590;225,974762;0,250796;6,767578;50,016006;22.753580;23,930241;22,043766;276,890
20120622-05:46:00;301,268860;0,070087;21,115091;216,792709;0,049947;10,828189;225,687012;0,250796;9,667968;50,004002;30.266047;24,110802;22,233383;276,890
20120622-05:48:00;306,429657;0,071698;21,970518;218,244797;0,053170;11,603989;225,922470;0,333595;10,151366;50,007000;30.235342;24,215580;22,314116;276,890
20120622-05:50:00;331,841187;0,073310;24,327145;239,241196;0,066059;15,804082;226,013992;1,050369;11,118163;50,004002;27.704519;24,405773;22,500977;276,891
20120622-05:52:00;299,228088;0,090227;26,998513;261,944763;0,065254;17,092839;226,223022;1,050369;21,269529;49,997002;48.239685;24,595963;22,694031;276,891
20120622-05:54:00;344,654877;0,073310;25,266511;252,054871;0,068476;17,259709;226,170776;0,250796;14,018554;49,973015;32.964497;24,762115;22,789076;276,892
20120622-05:56:00;296,206177;0,091033;26,964479;233,040390;0,072504;16,896360;226,079330;0,397128;21,752928;49,984005;49.595329;24,976372;22,979263;276,892
20120622-05:58:00;329,977020;0,099089;32,697028;279,938873;0,067670;18,943577;226,249146;0,397128;27,070311;50,007000;52.420593;25,110693;23,074415;276,893
20120622-06:00:00;340,769562;0,123257;42,002167;275,935822;0,099894;27,564445;228,043869;0,397128;56,048031;50,035023;80.567429;25,317188;23,169481;276,894
20120622-06:02:00;311,276489;0,120840;37,614653;258,353790;0,099089;25,599968;227,057220;0,333595;52,167156;50,091167;82.523880;25,420601;23,364256;276,896
20120622-06:04:00;311,924042;0,117618;36,687757;271,481445;0,092644;25,151129;227,408234;0,397128;50,711826;50,056065;82.006371;25,520449;23,463980;276,897
20120622-06:06:00;330,918915;0,097478;32,257182;279,330566;0,067670;18,902413;227,252289;1,070162;25,620115;50,046043;50.078808;25,723627;23,549864;276,899
20120622-06:08:00;336,982361;0,098283;33,119705;281,940399;0,068476;19,306150;227,239273;0,333595;26,586912;50,019009;50.713360;25,825199;23,645016;276,900
20120622-06:10:00;346,852631;0,098283;34,089787;261,002869;0,092644;24,180351;226,783844;0,333595;29,970701;50,001999;51.434063;25,940847;23,744064;276,901
20120622-06:12:00;360,647461;0,097478;35,155049;279,880005;0,093450;26,154675;226,848953;1,070162;42,950077;50,022011;70.054268;26,130554;23,929667;276,902
20120622-06:14:00;352,131165;0,124062;43,686239;273,502594;0,112784;30,846718;226,457947;0,397128;58,473576;50,030018;78.453316;26,235914;24,025393;276,904
20120622-06:16:00;325,032074;0,170787;55,511318;274,424866;0,145008;39,793800;227,135269;1,108638;80,303497;50,010002;84.259377;26,434797;24,141142;276,906
20120622-06:18:00;357,017242;0,174815;62,412043;278,094330;0,168370;46,822857;227,044205;0,497878;91,946121;49,984005;84.172844;26,636137;24,310732;276,909
20120622-06:20:00;353,269287;0,174010;61,472250;271,285217;0,169176;45,894947;227,083237;0,450689;90,005684;50,007999;83.829781;26,739573;24,405773;276,912
20120622-06:22:00;360,902557;0,197372;71,232061;282,941162;0,195761;55,388789;226,757767;1,145763;105,044075;50,010002;82.959541;26,841253;24,500929;276,915
20120622-06:24:00;313,984436;0,169982;53,371576;271,049744;0,142591;38,649310;227,200287;0,450689;79,333275;49,997002;86.212250;26,841253;24,595388;276,918
20120622-06:26:00;346,695648;0,172398;59,769776;286,316284;0,142591;40,826185;227,044205;0,497878;84,184372;49,982006;83.685638;27,018105;24,635534;276,921
20120622-06:28:00;326,778503;0,172398;56,336092;275,602234;0,145008;39,964528;226,914078;0,497878;82,729042;49,964027;85.907074;27,044428;24,691114;276,923
20120622-06:30:00;311,806305;0,169176;52,750143;267,831604;0,144202;38,621963;226,484024;0,397128;79,333275;49,961029;86.824394;27,045040;24,763836;276,926
20120622-06:32:00;366,710907;0,197372;72,378467;288,298187;0,193344;55,740728;226,757767;0,540539;110,380280;49,980007;86.154366;27,234718;24,880760;276,929
20120622-06:34:00;353,426270;0,250542;88,547982;274,778076;0,244902;67,293811;227,356247;0,650582;137,061295;49,991001;87.948997;27,450739;24,977201;276,933
20120622-06:36:00;356,526672;0,148230;52,848093;273,443726;0,144202;39,431245;227,408234;0,397128;76,422623;49,972015;82.816612;27,353449;24,985493;276,937
20120622-06:38:00;356,938751;0,149842;53,484276;277,544891;0,144202;40,022643;227,122253;0,450689;75,452408;49,972015;80.691788;27,552420;25,115843;276,939
20120622-06:40:00;359,352356;0,200594;72,084074;294,106537;0,167565;49,281906;227,226273;1,145763;103,103638;49,982006;84.952667;27,654015;25,215586;276,942
20120622-06:42:00;369,085266;0,272293;100,499258;290,162354;0,270682;78,541616;227,135269;0,743353;161,316757;49,982006;90.100517;27,757423;25,415092;276,946
20120622-06:44:00;336,491791;0,400383;134,725661;281,037750;0,374604;105,277870;226,979141;1,030175;221,955429;49,985004;92.480072;28,060383;25,632427;276,953
20120622-06:46:00;359,391602;0,328685;118,126559;293,655212;0,297266;87,293826;226,666550;0,898978;187,512665;49,965023;91.282402;28,060383;25,620192;276,959
20120622-06:48:00;362,825592;0,352853;128,024034;295,931458;0,322240;95,360951;226,170776;0,944852;205,946823;49,975014;92.193672;28,166340;25,723627;276,966
20120622-06:50:00;362,786346;0,352853;128,010186;286,983459;0,348019;99,875758;227,213287;0,944852;208,372375;49,987003;91.437134;28,263630;25,825199;276,973
20120622-06:52:00;330,330231;0,274710;90,744890;278,977356;0,245708;68,546969;227,226273;0,683021;143,852814;49,986004;90.307701;28,260572;25,825199;276,979
20120622-06:54:00;319,164856;0,247319;78,935599;275,504120;0,218318;60,147402;227,239273;0,683021;126,874001;50,007000;91.221786;28,263020;25,825199;276,984
20120622-06:56:00;336,727264;0,253764;85,449259;284,432495;0,223151;63,471455;227,252289;0,579771;118,627136;50,021008;79.657921;28,237316;25,825199;276,988
20120622-06:58:00;361,098785;0,251347;90,761174;283,470978;0,245708;69,651088;226,875000;0,713874;143,852814;50,001999;89.676949;28,363998;25,926773;276,993
20120622-07:00:00;370,615845;0,352047;130,474272;293,243134;0,349630;102,526719;226,835922;0,988485;211,768143;50,020008;90.887230;28,568371;26,028368;276,999
20120622-07:02:00;407,820679;0,023362;9,527670;327,602661;0,000000;0,000000;227,187302;0,771628;0,000000;50,056065;0.000000;26,740185;25,320860;276,999
20120622-07:04:00;366,612793;0,426162;156,236596;287,258179;0,421329;121,030147;226,249146;1,199202;259,308868;50,043037;93.523254;28,011400;26,024694;277,003
20120622-07:06:00;360,313873;0,426162;153,552233;291,418213;0,399578;116,444195;225,215286;1,050369;218,074554;50,032021;80.769417;27,818048;25,920040;277,006
20120622-07:08:00;355,741760;0,326268;116,067159;277,721497;0,322240;89,492974;224,690002;1,330844;186,057343;50,029018;90.512367;28,450890;26,031427;277,013
20120622-07:10:00;331,625336;0,325462;107,931578;278,938110;0,296461;82,694217;224,440063;1,299235;173,929596;50,027016;91.241371;28,469248;26,128717;277,020
20120622-07:12:00;357,586304;0,402800;144,035772;291,221985;0,372187;108,389094;224,703140;1,070162;234,083160;50,000000;92.733795;28,669966;26,164236;277,026
20120622-07:14:00;340,082764;0,400383;136,163427;281,371338;0,372187;104,722810;224,545334;1,435803;222,925644;50,000000;92.543953;28,774599;26,333834;277,034
20120622-07:16:00;358,940277;0,452747;162,509215;291,359344;0,426968;124,401119;224,347916;1,573243;270,466370;50,017006;94.268608;29,072092;26,434797;277,043
20120622-07:18:00;333,136292;0,423746;141,165039;274,346375;0,399578;109,622671;224,203018;1,108638;235,053391;50,016006;93.726036;29,089230;26,536398;277,052
20120622-07:20:00;357,507812;0,532502;190,373496;291,123871;0,503500;146,580865;224,137131;1,464361;317,521973;50,002998;94.232933;29,207998;26,539457;277,060
20120622-07:22:00;358,116119;0,426162;152,615633;278,408295;0,425357;118,422863;223,939331;1,163861;253,487549;50,000000;93.524559;29,076378;26,630018;277,069
20120622-07:24:00;345,714508;0,351242;121,429323;266,614990;0,345602;92,142787;223,384628;1,361690;195,759521;49,990002;91.659683;29,076378;26,536398;277,077
20120622-07:26:00;343,536377;0,277126;95,203000;261,885895;0,268265;70,254767;225,713181;0,743353;149,189026;50,007000;90.167435;28,974804;26,529053;277,084
20120622-07:28:00;361,550110;0,247319;89,418286;283,039276;0,246514;69,773032;225,136581;0,683021;143,852814;50,002998;90.364738;28,903812;26,481308;277,088
20120622-07:30:00;344,380157;0,326268;112,360231;262,180237;0,321434;84,273749;225,346420;1,299235;177,810471;50,023010;90.427132;29,076378;26,540680;277,094
20120622-07:32:00;362,609741;0,322240;116,847361;285,766846;0,323851;92,545935;224,189819;0,898978;192,363754;50,011002;91.867195;29,076378;26,560261;277,100
20120622-07:34:00;358,547821;0,403606;144,711912;291,065002;0,375410;109,268597;224,189819;1,478425;235,538498;49,994999;92.738808;29,178020;26,699778;277,107
20120622-07:36:00;350,129639;0,528474;185,034276;269,852753;0,522834;141,088307;223,965714;1,711340;303,453796;49,983006;93.048996;29,584431;26,841864;277,116
20120622-07:38:00;358,783295;0,402800;144,517920;292,497467;0,372187;108,863812;223,912949;1,108638;236,023605;49,984005;93.149414;29,283264;26,789200;277,124
20120622-07:40:00;363,806732;0,476915;173,504964;283,490601;0,477721;135,429364;223,635712;1,650048;287,930298;49,980007;93.201134;29,584431;26,940992;277,133
20120622-07:42:00;363,728241;0,631590;229,727275;293,851440;0,603394;177,308310;223,820587;1,758790;385,437286;49,977009;94.693756;29,723347;26,971586;277,143
20120622-07:44:00;360,941803;0,658981;237,853735;293,007660;0,625951;183,408505;224,216202;2,059804;399,020355;49,973015;94.720177;30,064796;27,149057;277,155
20120622-07:46:00;360,039154;0,608228;218,985905;283,883057;0,604200;171,522144;226,679611;1,674842;371,369110;49,983006;95.098969;30,101521;27,247570;277,168
20120622-07:48:00;338,532562;0,528474;178,905527;275,249023;0,500278;137,700931;227,070221;1,376844;300,058044;49,980007;94.773193;30,108860;27,251242;277,180
20120622-07:50:00;332,626099;0,524446;174,444292;272,776550;0,499472;136,244255;226,757767;1,662493;293,266510;49,961029;94.392441;30,092335;27,247570;277,191
20120622-07:52:00;354,427032;0,529279;187,590868;286,512512;0,500278;143,335803;226,497086;1,435803;314,611298;49,966022;95.069794;30,092335;27,247570;277,201
20120622-07:54:00;349,933411;0,579226;202,690682;283,196259;0,551836;156,277894;225,556061;1,546766;340,807220;49,967022;94.940689;30,194000;27,349165;277,212
20120622-07:56:00;358,763672;0,555864;199,423823;290,770660;0,526862;153,196140;224,834564;1,816311;333,045471;50,000000;94.448837;30,094786;27,349165;277,223
20120622-07:58:00;360,765198;0,708122;255,465929;290,692169;0,680732;197,883465;224,611115;1,957762;435,403564;49,986004;96.041504;30,498829;27,552420;277,236
20120622-08:00:00;367,731293;0,755653;277,877198;287,317047;0,759681;218,269246;225,031570;2,147399;474,212311;49,987003;95.579102;30,803661;27,857210;277,251
20120622-08:02:00;359,980286;0,830574;298,990128;281,646057;0,833796;234,835363;224,992188;2,303584;513,991272;49,994999;96.284515;31,108402;28,060383;277,268
20120622-08:04:00;355,329681;0,756458;268,792123;274,758453;0,756458;207,843340;224,611115;2,276818;455,293030;49,990002;95.522270;31,074749;28,060383;277,285
20120622-08:06:00;355,113831;0,758070;269,201012;274,562225;0,756458;207,694902;224,676834;2,147399;452,382385;49,983006;94.859772;31,095551;28,060383;277,300
20120622-08:08:00;338,454071;0,704094;238,303619;274,091278;0,679926;186,361895;225,516754;2,069724;403,386322;50,002998;94.989189;31,108402;28,122824;277,315
20120622-08:10:00;353,504761;0,580032;205,044070;285,472504;0,555058;158,453917;226,027054;1,849941;344,202972;49,996002;94.691849;30,803661;27,858435;277,327
20120622-08:12:00;353,171173;0,582449;205,704140;276,387146;0,577615;159,645417;225,333298;1,849941;346,143433;49,974014;94.743088;30,803661;27,860882;277,339
20120622-08:14:00;362,825592;0,658175;238,802818;287,258179;0,651730;187,214893;224,123947;1,827592;405,811890;49,974014;95.257042;30,803661;27,958782;277,351
20120622-08:16:00;362,472382;0,814462;295,219853;292,517090;0,783043;229,053520;224,729446;2,474478;503,803986;49,961029;96.095665;31,107786;28,163280;277,365
20120622-08:18:00;363,649750;0,936913;340,708118;292,811432;0,911134;266,790348;224,558502;2,618576;583,361877;49,973015;96.026894;31,716738;28,466801;277,383
20120622-08:20:00;349,148499;0,990082;345,685798;283,922302;0,958664;272,186090;224,479538;2,680086;594,519409;49,982006;96.220497;32,022194;28,669966;277,403
20120622-08:22:00;355,722137;1,086754;386,582613;286,434021;1,061781;304,130147;224,044846;3,002289;666,800720;49,979008;96.538063;32,327629;28,938705;277,424
20120622-08:24:00;349,403595;0,961886;336,086568;279,821136;0,957053;267,803610;224,703140;2,571459;572,689453;50,025013;94.833382;32,492226;28,974804;277,446
20120622-08:26:00;345,361298;0,682343;235,654948;266,556122;0,679926;181,238543;224,597946;1,804958;395,624573;50,012001;94.898239;31,619450;28,568371;277,462
20120622-08:28:00;337,315948;0,504306;170,110322;276,269409;0,476915;131,757083;225,084076;1,637505;284,534515;50,004002;94.258110;31,127371;28,305861;277,472
20120622-08:30:00;359,980286;0,504306;181,540074;290,338959;0,477721;138,700967;224,795166;1,699264;303,938904;50,005001;94.909416;31,001314;28,245274;277,481
20120622-08:32:00;358,842163;0,683954;245,431683;289,514801;0,657370;190,318233;225,149689;2,108928;417,939606;50,000999;95.912727;31,124310;28,264854;277,493
20120622-08:34:00;354,152313;0,812045;287,587544;286,080811;0,783849;224,244106;224,203018;2,194518;488,280487;50,009003;95.398651;31,616390;28,669353;277,508
20120622-08:36:00;354,662506;0,762903;270,573166;277,662628;0,757264;210,263917;222,403885;2,099198;460,144135;50,013004;95.696472;31,637192;28,669966;277,524
20120622-08:38:00;354,721375;0,579226;205,463997;274,522980;0,574393;157,684022;223,411072;1,560063;343,232758;50,007000;94.515938;31,410686;28,465576;277,537
20120622-08:40:00;345,459412;0,555058;191,750155;264,947052;0,543780;144,072916;222,616287;1,464361;318,007080;50,016006;94.694832;31,209972;28,365223;277,548
20120622-08:42:00;362,727478;0,533307;193,445174;294,852203;0,500278;147,507964;222,523361;1,506147;323,828400;50,024010;94.977394;31,006824;28,263630;277,558
20120622-08:44:00;354,230804;0,527668;186,916260;271,658051;0,526862;143,126424;222,058243;1,747052;309,760223;50,014004;93.854591;31,171425;28,307085;277,569
20120622-08:46:00;346,852631;0,479332;166,257565;282,843048;0,448719;126,917107;223,172928;1,266806;276,772766;50,016006;94.405411;31,006824;28,263630;277,579
20120622-08:48:00;338,532562;0,501889;169,905705;276,759979;0,475304;131,545127;224,018463;1,299235;282,594086;50,015003;93.744675;30,918701;28,263630;277,588
20120622-08:50:00;340,632202;0,453553;154,494693;281,469452;0,421329;118,591190;223,662155;1,199202;260,279083;50,022011;95.310341;30,843426;28,165728;277,597
20120622-08:52:00;349,953033;0,403606;141,243008;285,276276;0,373798;106,635815;224,097580;1,050369;229,717178;49,998001;92.673180;30,689148;28,160833;277,605
20120622-08:54:00;342,045044;0,352047;120,416002;280,880768;0,323046;90,737299;223,331711;1,361690;193,333984;49,981007;91.560959;30,500053;27,958782;277,612
20120622-08:56:00;363,002197;0,376215;136,566951;295,068054;0,345602;101,976234;223,847000;1,435803;223,410767;50,000999;93.656319;30,498829;27,951439;277,619
20120622-08:58:00;363,532013;0,531696;193,288525;295,656738;0,500278;147,910455;223,965714;1,770448;320,917725;49,990002;94.055885;30,804274;28,148588;277,628
20120622-09:00:00;365,867126;0,807211;295,332050;294,773712;0,781432;230,345621;223,371384;2,267825;502,348663;50,007999;95.562103;31,353165;28,466801;277,641
20120622-09:02:00;358,037628;0,807211;289,011991;288,121582;0,783849;225,843763;223,358170;2,231479;491,676239;50,025013;95.497864;31,717962;28,670578;277,658
20120622-09:04:00;345,008087;0,678315;234,024237;280,841522;0,654147;183,711698;224,847733;1,793531;399,020355;50,031021;95.519760;31,534386;28,539001;277,673
20120622-09:06:00;359,156128;0,522834;187,779186;291,221985;0,500278;145,691847;223,899765;1,747052;312,185760;50,022011;93.617058;31,230783;28,365223;277,685
20120622-09:08:00;361,942566;0,422940;153,079995;293,537476;0,396355;116,345108;223,807388;1,145763;245,725800;50,029018;91.203751;30,905848;28,363998;277,694
20120622-09:10:00;361,236145;0,427774;154,527295;292,654449;0,397161;116,230875;223,516815;1,181669;252,032211;50,017006;93.083885;30,804884;28,263630;277,702
20120622-09:12:00;370,870941;0,554253;205,556259;297,677887;0,528474;157,314909;223,186157;1,573243;338,866791;50,026012;93.384872;31,108402;28,365223;277,712
20120622-09:14:00;374,422668;0,580838;217,478767;300,660553;0,553447;166,399737;223,093460;1,915382;358,271149;50,015003;93.329308;31,311562;28,369505;277,724
20120622-09:16:00;377,935150;0,505111;190,899284;305,723236;0,472082;144,326315;222,589737;1,464361;315,096436;50,011002;93.995338;31,218542;28,365835;277,735
20120622-09:18:00;380,034790;0,451942;171,753535;306,527771;0,422134;129,395917;223,622528;1,624863;279,683441;49,990002;92.871979;31,064957;28,365223;277,745
20120622-09:20:00;375,030975;0,448719;168,283601;303,133026;0,424551;128,695496;223,582901;1,599268;276,287659;49,992001;93.032692;31,006824;28,365223;277,754
20120622-09:22:00;383,684631;0,476915;182,985037;309,255341;0,447108;138,270537;224,203018;1,361690;300,058044;49,999001;93.401665;31,132874;28,365223;277,764
20120622-09:24:00;382,566132;0,509945;195,087608;301,936035;0,490610;148,132965;223,728195;1,492353;325,768829;49,994999;94.915298;31,209360;28,365223;277,773
20120622-09:26:00;383,174438;0,500278;191,693603;305,114929;0,474498;144,776552;223,926147;1,435803;313,641083;49,993999;93.215126;31,209972;28,399488;277,784
20120622-09:28:00;383,645386;0,657370;252,196819;308,156464;0,627562;193,387411;223,582901;1,936691;428,612030;50,007000;96.191025;31,430279;28,552462;277,796
20120622-09:30:00;357,174225;0,704900;251,772121;286,924591;0,678315;194,625318;222,801987;1,926067;424,731140;50,004002;95.146408;32,022804;28,959509;277,813
20120622-09:32:00;363,532013;0,730679;265,625285;291,634064;0,705706;205,807804;223,225861;2,039814;449,956848;49,997002;95.444473;31,718573;28,761747;277,826
20120622-09:34:00;355,839874;0,886160;315,331069;292,870300;0,831379;243,486286;225,372620;2,399115;536,306274;49,987003;95.971657;32,226040;28,983372;277,844
20120622-09:36:00;359,999908;1,273654;458,515189;293,812195;1,201150;352,912395;225,136581;3,687639;796,809998;50,002998;98.198532;32,762745;29,381804;277,864
20120622-09:38:00;379,073273;1,062586;402,798114;307,371552;1,004583;308,780309;225,031570;3,062596;684,264648;50,000000;96.161522;33,612942;29,870205;277,892
20120622-09:40:00;358,488953;0,808822;289,953893;288,984985;0,781432;225,822124;225,228394;2,222298;497,012451;50,004002;96.362076;32,401665;29,279594;277,907
20120622-09:42:00;350,345490;0,811239;284,214010;284,452118;0,783043;222,738298;224,926514;2,175796;483,914490;49,997002;95.455620;32,429813;29,283264;277,924
20120622-09:44:00;353,818726;0,837824;296,437836;276,210541;0,834602;230,525771;224,926514;2,267825;502,833771;49,996002;95.420967;32,429203;29,290001;277,941
20120622-09:46:00;341,731079;0,729874;249,420492;277,387909;0,704900;195,530744;225,215286;2,156907;426,186462;49,987003;95.782730;32,361900;29,286329;277,958
20120622-09:48:00;358,979523;0,633202;227,306408;288,474792;0,631590;182,197917;224,913391;1,804958;398,050140;50,000000;97.202911;32,043625;29,076378;277,971
20120622-09:50:00;363,335785;0,884549;321,388248;291,771423;0,859575;250,799483;224,163483;2,466220;548,919128;49,998001;95.933395;32,344757;29,291218;277,987
20120622-09:52:00;358,606689;1,057753;379,317247;291,241608;1,015862;295,861174;224,084396;2,926864;653,217651;50,005001;96.747414;32,937794;29,584431;278,007
20120622-09:54:00;360,706329;1,107700;399,554398;281,685303;1,091588;307,484302;223,794174;3,029243;673,592224;49,993999;95.269501;33,701668;30,092335;278,032
20120622-09:56:00;346,401306;0,912745;316,175998;278,584900;0,886160;246,870799;223,490372;2,626345;539,216919;49,982006;95.767685;33,397495;29,846952;278,053
20120622-09:58:00;365,082214;1,197927;437,341928;293,027283;1,154425;338,277958;223,371384;3,298781;734,716003;49,994999;94.726303;33,578663;30,118046;278,075
20120622-10:00:00;353,288910;0,915162;323,316447;282,882294;0,887771;251,134767;222,788727;2,680086;550,859558;49,999001;95.893188;33,349121;29,902025;278,096
20120622-10:02:00;347,539429;1,299433;451,604159;278,094330;1,301044;361,812956;222,775452;4,152366;920,998047;49,981007;113.225807;34,257977;30,474304;278,122
20120622-10:04:00;376,954010;1,500027;565,441305;304,408508;1,419467;432,097896;224,466400;4,314768;959,321655;49,973015;96.168816;34,446568;30,638340;278,150
20120622-10:06:00;347,598297;0,984443;342,190796;280,076233;0,961081;269,175904;225,411957;2,649513;591,123657;49,989002;96.688881;33,849735;30,295599;278,173
20120622-10:08:00;367,495819;1,168926;429,575287;285,295898;1,192288;340,154888;225,097183;3,267878;739,567139;50,004002;96.081352;34,140465;30,548389;278,195
20120622-10:10:00;359,489716;1,241430;446,281205;286,316284;1,222095;349,905771;225,556061;3,609898;782,256714;50,010002;98.250374;34,579353;30,803661;278,222
20120622-10:12:00;353,171173;1,220484;431,039772;286,316284;1,191482;341,140821;227,304260;3,298781;747,328857;50,002998;96.781616;34,941086;31,006824;278,250
20120622-10:14:00;356,193085;1,164898;414,928498;278,741882;1,166509;325,154857;225,974762;3,173333;712,401001;50,007999;96.259567;34,631985;30,905235;278,276
20120622-10:16:00;348,716797;1,089977;380,093214;279,840759;1,066614;298,482181;226,757767;3,115206;666,315613;50,005001;98.193306;34,425060;30,826303;278,299
20120622-10:18:00;359,116882;1,017473;365,391682;286,924591;1,007806;289,164206;226,484024;2,933802;660,979370;49,994999;100.981354;33,697372;30,405741;278,317
20120622-10:20:00;349,364349;0,883743;308,748377;270,559174;0,882132;238,668919;226,249146;2,547567;525,148804;50,004002;95.932076;33,779984;30,498217;278,336
20120622-10:22:00;341,044281;0,832185;283,811884;271,815033;0,804794;218,755225;225,987854;2,373451;481,974060;50,005001;95.902428;33,452000;30,301105;278,353
20120622-10:24:00;361,628601;0,705706;255,203344;289,632538;0,679121;196,695492;226,327454;2,185177;433,463104;49,996002;95.920387;33,131248;30,091112;278,368
20120622-10:26:00;359,411224;1,094005;393,197630;288,514038;1,066614;307,733225;226,183838;3,002289;676,017761;49,994999;96.445717;33,751225;30,397169;278,387
20120622-10:28:00;350,875305;0,934496;327,891585;270,147095;0,936107;252,886645;225,529861;2,680086;557,165955;49,994999;95.934372;34,358326;30,726477;278,412
20120622-10:30:00;357,291962;1,152008;411,603218;286,120056;1,127840;322,697656;225,673904;3,211490;721,618042;50,009003;98.272797;33,951324;30,535538;278,432
20120622-10:32:00;352,503998;1,153619;406,655411;281,940399;1,118978;315,485211;225,411957;3,102139;694,451965;50,011002;96.165756;34,693188;31,006824;278,458
20120622-10:34:00;351,836823;1,167314;410,704193;287,179688;1,118173;321,116539;225,372620;3,154078;707,064758;49,999001;96.617210;34,562824;31,006824;278,482
20120622-10:36:00;349,325104;0,936913;327,287173;281,410583;0,909522;255,949233;225,057831;2,687674;561,046875;50,002998;96.195450;34,156384;30,701998;278,503
20120622-10:38:00;352,288147;0,885354;311,899861;282,332855;0,860381;242,913776;224,979065;2,399115;536,306274;49,989002;96.664223;33,990490;30,608973;278,523
20120622-10:40:00;357,095734;1,296210;462,871207;286,649872;1,261570;361,628770;224,926514;3,581719;802,631348;49,993000;97.347649;34,464924;30,917471;278,545
20120622-10:42:00;349,737183;1,652286;577,865744;292,281616;1,563670;457,031902;226,653549;4,565125;1006,862366;49,996002;97.291008;35,092213;31,311562;278,572
20120622-10:44:00;361,648224;1,241430;448,960841;282,627197;1,240624;350,634104;227,252289;3,564703;775,465210;49,996002;96.982254;35,629566;31,557037;278,604
20120622-10:46:00;361,942566;2,452246;887,572364;291,221985;2,395854;697,725495;227,888367;6,528179;1482,269531;50,002998;93.501015;37,275410;32,509350;278,639
20120622-10:48:00;357,861023;1,628923;582,928157;290,397827;1,574948;457,361498;227,161285;4,434901;1004,921936;49,991001;96.600204;37,255238;32,562588;278,678
20120622-10:50:00;367,064117;1,624090;596,145015;289,122345;1,686926;487,728141;227,849457;4,802308;1090,786255;50,002998;100.637817;36,417912;32,226650;278,710
20120622-10:52:00;360,686707;1,709483;616,587889;280,135101;1,731234;484,979533;228,173370;4,810710;1070,896729;50,004002;97.215721;36,698776;32,429203;278,743
20120622-10:54:00;336,609528;0,832185;280,121350;270,186340;0,808017;218,315112;226,835922;2,137848;481,003845;50,000000;96.502541;36,443012;32,252357;278,779
20120622-10:56:00;349,854919;0,479332;167,696658;273,384857;0,476915;130,381397;227,278305;1,624863;281,138763;50,001999;94.317162;34,089005;31,006824;278,790
20120622-10:58:00;335,628387;0,603394;202,516286;273,934296;0,577615;158,228613;225,123444;1,849941;343,717865;50,013004;95.280037;33,858307;30,836708;278,801
20120622-11:00:00;340,494843;0,350436;119,321651;259,119080;0,344797;89,343431;222,828476;0,922217;195,274414;49,993999;93.582695;33,141056;30,397169;278,809
20120622-11:02:00;358,469330;0,617895;221,496495;291,751801;0,577615;168,520275;223,159683;1,723329;376,705322;49,964027;96.586952;33,242016;30,397169;278,818
20120622-11:04:00;367,809784;0,941746;346,383545;294,538239;0,912745;268,838252;225,687012;2,649513;591,608765;49,966022;96.161865;34,008224;30,803661;278,833
20120622-11:06:00;366,926758;1,368714;502,217956;291,045380;1,351797;393,434232;225,595352;3,864620;867,150879;50,006001;96.817818;35,191338;31,413134;278,858
20120622-11:08:00;367,378082;1,446858;531,543804;293,302002;1,425106;417,986562;226,053177;4,098430;921,968262;49,985004;97.097290;35,883629;31,908356;278,888
20120622-11:10:00;363,296539;1,528223;555,198228;290,338959;1,502444;436,218035;225,280884;4,291276;962,717468;49,978008;97.105270;36,188446;32,025257;278,919
20120622-11:12:00;367,633179;1,628118;598,550078;292,968414;1,603144;469,670570;226,392700;4,622297;1043,245483;50,001999;97.661987;36,692657;32,327629;278,953
20120622-11:14:00;354,505524;1,111728;394,113742;281,999268;1,092394;308,054205;226,314423;3,015797;679,413574;50,013004;96.759407;36,067905;32,088333;278,985
20120622-11:16:00;336,001221;1,715122;576,283241;306,625885;1,675648;513,797080;225,621552;5,358431;1205,757202;50,001999;110.611771;37,456638;32,749847;279,018
20120622-11:18:00;358,645935;0,937718;336,308911;288,376678;0,918384;264,840532;226,379669;2,725290;570,749023;49,997002;94.942947;36,790016;32,494675;279,052
20120622-11:20:00;357,193848;2,451441;875,639576;288,808380;2,377326;686,591606;226,692627;3,454960;776,435425;49,991001;49.700417;39,604183;34,052921;279,100
20120622-11:22:00;364,630890;2,465942;899,158505;293,086151;2,407938;705,733421;227,057220;6,943592;1556,491333;50,000999;96.984184;40,160637;34,433716;279,148
20120622-11:24:00;365,396179;2,702788;987,588450;292,634827;2,653646;776,549375;227,758713;7,506138;1705,905029;49,996002;96.699074;40,583454;34,788094;279,196
20120622-11:26:00;361,550110;2,978303;1076,805847;288,553284;2,937218;847,543816;227,771667;8,222106;1873,752808;49,974014;97.370705;42,357311;35,827950;279,253
20120622-11:28:00;361,079163;3,159563;1140,852472;289,769897;3,099949;898,271870;227,667892;8,773208;1976,596069;49,977009;96.933571;41,392059;35,588585;279,307
20120622-11:30:00;356,408936;1,409800;502,465336;285,511749;1,379187;393,774158;226,966110;3,973089;871,031738;49,993999;97.187386;43,192696;36,421604;279,365
20120622-11:32:00;361,275391;3,015361;1089,375663;289,004608;2,990387;864,235681;228,173370;8,292706;1884,910400;49,987003;96.483383;42,588009;36,343258;279,411
20120622-11:34:00;353,171173;1,322795;467,173158;284,923065;1,270431;361,975174;227,148270;3,604280;814,273987;49,977009;98.206070;40,158218;35,070805;279,451
20120622-11:36:00;355,388550;1,409800;501,026796;282,725311;1,387243;392,208786;227,252289;3,848872;869,576416;49,989002;97.351295;38,230152;34,156384;279,476
20120622-11:38:00;359,999908;3,210316;1155,713531;293,733704;3,092699;908,429806;227,434189;9,039426;2039,660278;49,993000;98.813889;39,816040;35,114231;279,512
20120622-11:40:00;347,735657;1,415439;492,198697;282,391724;1,382410;390,381056;227,291290;3,806553;859,874268;50,011002;97.427376;39,813625;34,946590;279,554
20120622-11:42:00;356,330444;1,810989;645,310481;281,096619;1,773126;498,419624;227,486176;4,914512;1113,586426;49,988003;97.364441;39,408325;34,900055;279,590
20120622-11:44:00;339,788422;1,677259;569,913259;282,548706;1,598310;451,600555;227,005188;4,393692;1001,526184;49,977009;98.043335;39,668427;34,975349;279,630
20120622-11:46:00;359,587830;3,313433;1191,470156;290,535187;3,226428;937,390871;228,212219;9,108067;2061,975342;49,974014;96.858147;43,427071;36,938725;279,687
20120622-11:48:00;336,805756;2,824434;951,285481;282,646820;2,796238;790,347696;226,927078;7,321628;1731,615723;49,987003;99.424820;42,801624;36,791832;279,745
20120622-11:50:00;356,565918;3,456024;1232,300431;283,392487;3,421383;969,594344;227,265289;9,413925;2135,226562;49,983006;96.972237;45,664124;38,311539;279,812
20120622-11:52:00;350,855682;2,252458;790,287555;283,137390;2,195260;621,560201;226,666550;6,067652;1371,179443;49,980007;97.119499;44,211174;37,653061;279,863
20120622-11:54:00;356,094971;2,815572;1002,611037;286,904968;2,751930;789,542320;226,497086;7,810772;1751,505249;49,991001;97.731880;41,956879;36,741020;279,906
20120622-11:56:00;354,387787;3,498721;1239,903951;281,901154;3,467303;977,436592;227,732742;9,454379;2148,809814;49,988003;96.909325;46,065571;38,823315;279,973
20120622-11:58:00;348,638306;1,167314;406,970518;267,929718;1,193899;319,881096;226,640488;3,115206;702,698792;49,994999;96.677063;41,862061;36,712852;280,014
20120622-12:00:00;332,488739;0,756458;251,513900;255,783203;0,752430;192,459068;225,700073;2,156907;427,156708;50,014004;96.212318;38,935925;35,172985;280,032
20120622-12:02:00;351,542480;0,679121;238,739824;283,215881;0,654147;185,264878;226,275269;2,079596;407,752319;49,981007;96.166931;37,816422;34,403000;280,046
20120622-12:04:00;354,740997;0,758875;269,204163;283,039276;0,736318;208,407030;226,000946;2,079596;461,599457;49,987003;96.647537;37,407673;34,068802;280,059
20120622-12:06:00;355,349304;1,622478;576,546601;283,745697;1,592671;451,913621;226,562286;4,444005;1002,496399;49,994999;97.475471;38,555832;34,683998;280,083
20120622-12:08:00;359,273865;1,924578;691,450730;277,309418;1,877854;520,746497;226,457947;5,440608;1227,587158;49,986004;101.269592;39,831356;35,242142;280,119
20120622-12:10:00;353,759857;1,446052;511,555175;286,277039;1,401744;401,287123;226,575348;3,942406;889,465942;49,984005;97.439171;39,635998;35,136276;280,155
20120622-12:12:00;351,463989;1,521778;534,850330;284,550232;1,475859;419,956102;226,288330;4,152366;936,521545;49,988003;98.084961;39,701469;35,172371;280,187
20120622-12:14:00;354,603638;1,575754;558,767990;285,276276;1,540307;439,413125;226,822922;4,402884;970,479187;50,005001;97.224762;39,643341;35,172371;280,221
20120622-12:16:00;352,759094;1,195510;421,727161;278,565277;1,193094;332,354465;226,601410;3,261662;736,171326;49,985004;97.624886;38,332333;34,474102;280,247
20120622-12:18:00;357,429321;1,228540;439,116241;281,057373;1,223706;343,931730;225,870178;3,395754;761,397034;49,994999;97.235039;38,654984;34,516937;280,277
20120622-12:20:00;360,058777;1,331657;479,474724;277,368286;1,344546;372,934541;226,053177;3,665598;825,431458;49,989002;96.835114;38,769474;34,567726;280,305
20120622-12:22:00;362,904083;2,015611;731,473524;284,785706;1,982582;564,610904;226,770798;5,536139;1251,842529;49,992001;96.586494;39,324459;34,871315;280,335
20120622-12:24:00;358,959900;2,195260;788,010327;287,336670;2,145313;616,427032;226,809875;5,916327;1338,677124;49,986004;95.317680;40,970955;35,815098;280,380
20120622-12:26:00;346,322815;2,938829;1017,783513;285,040802;2,831684;807,145510;227,551086;7,867208;1772,364990;49,994999;97.119667;41,171715;36,018303;280,421
20120622-12:28:00;358,645935;1,607172;576,405709;279,310944;1,722373;481,077597;226,796844;4,604782;1040,334839;49,988003;98.378372;40,862568;35,782063;280,466
20120622-12:30:00;350,266998;1,514528;530,489189;281,606812;1,500833;422,644738;227,226273;4,224793;930,215088;50,001999;97.595421;39,296936;35,035923;280,496
20120622-12:32:00;356,565918;2,304822;821,820876;282,784180;2,286293;646,527432;227,784622;6,384707;1433,273438;49,991001;97.611275;40,731586;35,794910;280,536
20120622-12:34:00;356,703278;2,124367;757,768756;282,175873;2,119534;598,081294;227,408234;5,834001;1322,183472;49,967022;97.516945;41,310101;36,125416;280,582
20120622-12:36:00;356,094971;2,268570;807,826264;284,942688;2,227484;634,705275;227,460175;6,172986;1399,315796;49,978008;97.004173;41,675415;36,321232;280,627
20120622-12:38:00;355,839874;2,879215;1024,539335;288,533661;2,822823;814,479330;228,095673;7,738345;1746,169067;49,987003;94.951134;43,426426;37,346409;280,680
20120622-12:40:00;354,407410;2,678620;949,322811;282,627197;2,641562;746,577395;227,797607;7,235940;1641,870483;49,993999;96.814095;46,163502;38,747448;280,750
20120622-12:42:00;351,267761;1,936662;680,287078;281,547943;1,921356;540,953853;227,590027;5,151115;1167,433594;49,994999;95.594040;43,522549;37,656696;280,802
20120622-12:44:00;351,444366;1,631340;573,325262;280,664917;1,606366;450,850691;227,161285;4,398290;993,764465;50,007999;97.030640;41,300888;36,495621;280,837
20120622-12:46:00;353,956085;1,512917;535,506109;282,686066;1,458942;412,422489;226,914078;4,200791;921,968262;50,016006;97.261360;40,573681;36,098499;280,870
20120622-12:48:00;360,686707;1,657119;597,700893;283,824188;1,601533;454,553752;227,382263;4,361369;988,428223;49,998001;93.934319;39,290810;35,376144;280,895
20120622-12:50:00;346,931122;1,189871;412,803347;276,759979;1,193094;330,200576;227,174286;3,217805;725,498962;50,005001;97.644028;39,247990;35,341267;280,923
20120622-12:52:00;350,149261;1,164092;407,605976;277,937347;1,143146;317,723077;226,809875;3,141175;706,094543;50,000000;97.348167;38,626831;34,968616;280,945
20120622-12:54:00;354,073822;1,772320;627,532128;283,235504;1,736874;491,944277;226,757767;4,848337;1096,607544;50,007999;97.957184;43,652863;37,198261;280,987
20120622-12:56:00;357,802155;3,891854;1392,513678;286,591003;3,820961;1095,053047;227,538101;9,604036;1989,208862;50,018005;79.966049;45,228378;38,231400;281,038
20120622-12:58:00;349,639069;3,153118;1102,453371;285,394012;2,983943;851,599325;226,953094;7,471219;1678,738892;50,004002;85.910622;45,777298;38,471989;281,086
20120622-13:00:00;323,207153;2,308044;745,976317;279,173584;2,160619;603,187822;226,484024;5,579672;1259,119263;50,001999;93.325874;43,002346;37,315208;281,143
20120622-13:02:00;352,111542;1,985804;699,224537;275,759216;1,992249;549,380993;226,705688;5,384716;1196,540161;49,957035;95.830116;45,532612;38,490936;281,192
20120622-13:04:00;350,894928;1,805350;633,488056;278,702637;1,785210;497,542638;226,927078;4,869114;1101,458618;49,966022;97.385391;41,901215;36,928322;281,228
20120622-13:06:00;353,308533;1,976137;698,185995;283,686829;1,938274;549,862710;226,927078;5,362195;1212,548706;49,971016;97.155556;41,609921;36,826118;281,265
20120622-13:08:00;350,188507;2,196871;769,319074;279,919250;2,164647;605,926461;227,226273;5,980690;1337,221802;49,987003;97.235130;42,575802;37,306042;281,307
20120622-13:10:00;348,088867;1,461358;508,682600;276,171295;1,447663;399,803018;226,353577;3,932125;887,040344;49,992001;97.639450;41,207874;36,561722;281,343
20120622-13:12:00;338,866150;1,114950;377,818956;272,344849;1,087560;296,191379;226,510147;3,069222;653,217651;49,992001;96.915077;39,530758;35,660763;281,369
20120622-13:14:00;336,138580;1,060170;356,363897;271,795410;1,040030;282,675284;226,536209;2,755007;621,200439;49,992001;97.208504;39,169056;35,333935;281,393
20120622-13:16:00;340,887299;1,128646;384,740970;270,873138;1,114950;302,010119;226,327454;2,975087;666,800720;49,993999;97.094963;38,830048;35,078144;281,415
20120622-13:18:00;337,649536;0,732290;247,257530;273,581085;0,704094;192,626913;225,647720;1,915382;422,305603;50,017006;96.003761;37,739330;34,447796;281,433
20120622-13:20:00;358,194611;1,115756;399,657798;281,979645;1,117367;315,074825;226,471008;3,236675;693,966858;50,016006;97.094612;37,977352;34,489399;281,451
20120622-13:22:00;333,960449;0,883743;295,135285;272,580322;0,868437;236,718786;226,236084;2,303584;512,535950;49,993999;96.367775;37,978584;34,359547;281,474
20120622-13:24:00;335,765747;0,481749;161,754752;261,159851;0,472082;123,288761;225,765533;1,233487;266,585510;50,005001;93.524498;36,791248;33,633133;281,487
20120622-13:26:00;325,777740;0,326268;106,290857;267,576508;0,307739;82,343780;226,157715;0,850476;174,899826;49,984005;92.718826;35,843861;33,038754;281,495
20120622-13:28:00;363,159180;0,759681;275,885059;285,374390;0,733096;209,206825;226,157715;2,330035;475,182526;50,006001;97.957214;35,904430;32,975117;281,502
20120622-13:30:00;353,759857;1,060975;375,330433;283,726074;1,040835;295,312103;225,961700;2,884877;648,851685;49,991001;96.750748;37,001751;33,491154;281,525
20120622-13:32:00;354,603638;0,964303;341,945442;276,033936;0,957858;264,401436;226,457947;2,626345;591,123657;49,992001;97.489357;36,960144;33,445267;281,545
20120622-13:34:00;361,373505;1,114950;402,913540;291,241608;1,081921;315,100371;226,510147;3,089015;696,392395;49,993000;96.988708;36,908131;33,386501;281,566
20120622-13:36:00;350,482849;1,188260;416,464778;285,119293;1,164898;332,134803;226,718689;3,230397;730,835144;49,983006;97.626976;37,342152;33,648430;281,591
20120622-13:38:00;345,027710;0,936107;322,982930;280,939636;0,913550;256,652527;226,223022;2,687674;560,561768;49,992001;96.709366;36,829811;33,302620;281,612
20120622-13:40:00;332,214020;0,526862;175,031090;262,906281;0,521223;137,032850;226,209961;1,376844;298,117584;49,990002;95.530930;35,954632;32,744335;281,627
20120622-13:42:00;338,198975;0,249736;84,460463;262,768921;0,244097;64,141053;226,013992;1,216470;136,091080;50,001999;91.581223;34,893963;32,142826;281,633
20120622-13:44:00;355,231567;0,251347;89,286465;280,978882;0,246514;69,265117;225,778595;0,713874;143,852814;50,011002;90.729347;34,516937;31,855131;281,638
20120622-13:46:00;358,371216;0,275515;98,736717;282,332855;0,269070;75,967419;226,236084;0,743353;161,316757;49,996002;92.337112;34,360165;31,718573;281,643
20120622-13:48:00;363,375031;0,275515;100,115344;286,924591;0,270682;77,665213;225,817856;1,266806;161,316757;50,013004;90.739258;34,156384;31,515408;281,648
20120622-13:50:00;365,337311;0,553447;202,194907;295,794098;0,528474;156,319376;226,418823;1,546766;343,717865;50,026012;95.872849;34,461254;31,617002;281,656
20120622-13:52:00;360,725952;0,710539;256,309937;292,399353;0,678315;198,338932;225,843994;2,194518;436,373779;50,007999;95.980392;34,772190;31,724092;281,669
20120622-13:54:00;367,476196;0,808017;296,926954;294,773712;0,781432;230,345621;226,314423;2,258795;506,714630;50,009003;96.101074;34,970451;31,921209;281,684
20120622-13:56:00;366,534302;1,013445;371,462275;294,145782;0,986054;290,043749;226,105469;2,863648;640,604797;50,019009;96.840355;35,477180;32,124466;281,703
20120622-13:58:00;373,814362;1,168120;436,660042;290,338959;1,172954;340,554129;226,340515;3,365755;755,575745;50,016006;97.215897;35,983387;32,429203;281,726
20120622-14:00:00;371,086792;1,566892;581,452936;295,323151;1,553197;458,694969;226,209961;4,471208;1008,802856;49,986004;96.986481;36,842030;32,929222;281,754
20120622-14:02:00;363,473145;4,833600;1756,883807;308,705902;4,831989;1491,663465;228,470963;14,355484;3273,778320;49,951050;100.776688;39,186176;34,255013;281,800
20120622-14:04:00;357,468567;2,086504;745,859588;282,273987;2,093755;591,012439;226,705688;5,929935;1322,183472;49,948055;98.901276;49,272198;39,475082;281,903
20120622-14:06:00;361,726715;3,491471;1262,958182;290,535187;3,415744;992,393840;227,693832;9,601945;2171,124756;49,968021;96.265450;43,333469;36,861000;281,952
20120622-14:08:00;364,787872;3,932134;1434,394677;283,157013;3,832239;1085,125458;228,225143;9,827290;2042,570923;49,972015;81.069839;45,120083;37,958389;282,016
20120622-14:10:00;363,453522;3,566391;1296,217452;283,608337;3,598615;1020,597333;228,638962;9,676954;2226,912354;49,960033;96.119568;45,584595;38,285271;282,075
20120622-14:12:00;351,483612;3,891854;1367,922835;291,692932;3,600226;1050,160596;228,134537;10,123213;2304,529785;49,964027;95.303986;48,624542;40,231609;282,164
20120622-14:14:00;346,597534;1,501638;520,464171;283,883057;1,476665;419,200112;225,503662;4,078637;916,632019;49,987003;97.548882;47,064526;39,347759;282,225
20120622-14:16:00;345,027710;1,399327;482,806686;284,569855;1,384021;393,850600;226,066269;3,785214;852,112488;50,013004;97.200188;43,348125;37,831741;282,266
20120622-14:18:00;303,388123;3,565586;1081,756325;292,477844;3,228845;944,365590;226,079330;7,379105;1662,730225;49,993000;82.064667;44,294380;38,392418;282,302
20120622-14:20:00;356,251953;1,624090;578,585092;283,333618;1,603144;454,224604;225,398834;4,484746;1005,892151;49,986004;97.393761;43,446651;37,737495;282,352
20120622-14:22:00;362,099548;4,828766;1748,494113;296,559387;4,598365;1363,688256;227,784622;13,252930;3011,334229;49,998001;96.759567;42,804085;37,644482;282,390
20120622-14:24:00;354,662506;2,159008;765,719197;281,449829;2,096977;590,193750;225,843994;5,957059;1341,102661;49,997002;98.907730;42,663925;37,613865;282,436
20120622-14:26:00;363,316162;4,943967;1796,223240;271,638428;5,158257;1401,180823;226,536209;13,712539;3099,139160;50,009003;96.926727;51,403362;42,010792;282,523
20120622-14:28:00;317,693146;5,644839;1793,326750;281,057373;5,701231;1602,373143;227,615997;14,451530;3279,599854;50,005001;96.580971;48,996174;40,378464;282,581
20120622-14:30:00;329,447205;2,245207;739,677272;274,071655;2,178342;597,021892;226,092407;6,327673;1408,047852;49,990002;105.337677;51,311069;42,259937;282,667
20120622-14:32:00;346,420929;1,604755;555,920816;280,311707;1,557225;436,508361;225,228394;4,300688;966,113220;49,997002;97.348328;47,454369;40,637367;282,734
20120622-14:34:00;354,623260;1,522584;539,943731;283,784943;1,490360;422,941733;225,438156;4,300688;940,402405;49,984005;97.665039;43,302162;38,643970;282,766
20120622-14:36:00;344,674500;2,353158;811,073473;276,916962;2,337851;647,390675;225,634613;6,195787;1456,073608;49,990002;99.836090;49,195091;41,553650;282,826
20120622-14:38:00;343,281281;1,777959;610,340120;284,883820;1,679676;478,512530;224,768860;4,835827;1060,709473;49,972015;97.415337;44,713600;39,449993;282,882
20120622-14:40:00;344,517517;1,868186;643,622965;278,996979;1,864964;520,319324;225,280884;5,151115;1136,386597;49,985004;97.632561;46,868073;40,930485;282,957
20120622-14:42:00;369,634705;5,191287;1918,879675;293,890686;5,192898;1526,144296;227,083237;14,549698;3293,667969;49,978008;95.606529;52,674698;43,442368;283,046
20120622-14:44:00;340,161255;1,457330;495,727360;276,759979;1,387243;383,933419;225,162811;3,811869;854,052917;50,004002;97.088890;44,935707;40,140476;283,093
20120622-14:46:00;332,645721;1,090782;362,844100;264,868561;1,065809;282,299236;225,110321;2,975087;627,506836;50,004002;97.266266;47,551029;41,111656;283,148
20120622-14:48:00;336,256317;4,287403;1441,666379;269,852753;4,979414;1343,708442;225,830948;9,265518;2087,686035;50,014004;74.951706;51,365757;43,088604;283,213
20120622-14:50:00;347,578674;1,508889;524,457583;274,248260;1,498416;410,938000;225,490585;4,058747;909,355408;50,002998;97.216133;46,666073;41,100014;283,278
20120622-14:52:00;351,581726;1,753791;616,600942;279,114716;1,736068;484,562129;225,490585;4,772782;1071,381836;50,019009;97.295471;48,149128;41,475353;283,323
20120622-14:54:00;349,325104;5,356434;1871,136983;278,388672;5,299237;1475,247488;227,278305;14,184065;3217,990967;50,010002;96.163216;53,045815;43,976147;283,398
20120622-14:56:00;341,063904;1,190677;406,096880;274,424866;1,193094;327,414567;225,621552;3,236675;729,864929;50,014004;99.502869;45,378399;40,759777;283,471
20120622-14:58:00;347,774902;1,166509;405,682482;273,482971;1,168926;319,681258;225,529861;3,147634;707,064758;50,021008;97.477272;44,630955;40,221237;283,517
20120622-15:00:00;329,918152;0,986054;325,317252;266,124420;0,963498;256,410250;224,611115;2,725290;565,897949;50,030018;97.278870;43,168167;39,224735;283,543
20120622-15:02:00;347,166595;2,563419;889,933566;281,155487;2,711650;762,395180;225,948639;6,668542;1502,644165;49,988003;90.940994;44,188431;39,902946;283,574
20120622-15:04:00;362,550873;4,359102;1580,396152;238,829117;4,460608;1065,322957;227,200287;12,735847;2887,631348;50,000000;109.143532;44,317623;39,695473;283,615
20120622-15:06:00;342,555237;3,621172;1240,451497;287,787994;3,393187;976,518563;226,601410;9,494661;2135,226562;49,964027;96.312828;50,824196;43,138229;283,710
20120622-15:08:00;343,045807;5,083336;1743,817221;275,170532;4,991498;1373,513028;227,525085;13,268054;3008,908691;49,987003;96.521973;51,100769;43,694038;283,805
20120622-15:10:00;341,358246;4,865824;1660,989221;274,640717;4,767541;1309,360858;227,421234;12,640994;2868,227051;49,996002;96.561920;51,186478;44,096119;283,900
20120622-15:12:00;335,059326;1,563670;523,922110;267,988586;1,503250;402,853747;226,000946;4,098430;922,453369;49,993000;99.533600;47,937317;42,664520;283,983
20120622-15:14:00;338,061615;1,616034;546,318953;269,636902;1,598310;430,963483;225,057831;4,267653;955,440796;50,006001;97.765060;45,554611;41,272728;284,033
20120622-15:16:00;342,025421;5,416854;1852,701901;272,541077;5,337906;1454,798617;227,615997;13,963232;3171,905518;49,993999;95.900383;54,094479;45,228405;284,128
20120622-15:18:00;343,320526;4,752234;1631,539635;272,933533;4,708732;1285,170894;227,499130;12,450720;2829,418213;50,000999;97.007164;51,123840;44,557491;284,219
20120622-15:20:00;339,238983;5,482914;1860,018160;270,676910;5,408799;1464,036920;228,108627;14,087611;3199,071533;50,000000;96.240028;54,548393;45,943146;284,321
20120622-15:22:00;335,844238;1,665981;559,510058;266,477631;1,647452;439,009105;225,778595;4,407472;974,360046;50,004002;97.580505;51,994205;44,931442;284,420
20120622-15:24:00;341,279755;1,644230;561,142292;269,244446;1,635368;440,313748;225,987854;4,352089;979,211182;50,014004;97.778748;46,565125;42,389759;284,457
20120622-15:26:00;341,181641;5,503860;1877,815821;271,187103;5,457135;1479,904558;227,953156;14,230638;3229,633545;50,000000;96.185303;56,548439;46,636742;284,545
20120622-15:28:00;343,281281;1,374354;471,789880;271,461823;1,364686;370,460281;225,961700;3,654527;822,035706;49,987003;97.599945;47,286655;43,040913;284,606
20120622-15:30:00;345,851868;1,367909;473,093826;270,461060;1,371937;371,055480;226,079330;3,682142;827,857056;49,991001;98.069977;46,125568;41,988117;284,638
20120622-15:32:00;359,803680;5,340322;1921,467688;282,117004;5,413632;1527,277619;228,069748;14,526255;3307,250977;49,976013;95.897224;54,164833;45,300014;284,699
20120622-15:34:00;314,573120;3,964358;1247,080344;254,409607;3,828211;973,933734;226,092407;6,186025;1376,515747;49,989002;61.976902;51,318542;44,397797;284,781
20120622-15:36:00;344,556763;1,319573;454,667734;274,974304;1,294599;355,981540;225,739365;3,536158;797,780212;49,985004;98.412498;44,795589;41,066502;284,810
20120622-15:38:00;348,285095;1,955997;681,244556;273,424103;1,893160;517,635603;226,497086;5,380969;1214,974243;49,979008;101.342430;45,095001;41,056107;284,842
20120622-15:40:00;336,236694;2,718900;914,193937;284,667969;2,489304;708,625132;226,366638;6,565087;1465,775879;50,000000;90.322815;47,166691;42,323490;284,910
20120622-15:42:00;347,146973;2,171898;753,967694;274,248260;2,161425;592,767012;226,627472;5,885590;1311,996094;50,000000;97.420532;48,581772;42,940552;284,983
20120622-15:44:00;359,273865;2,694732;968,146848;257,627747;2,682648;691,124606;226,862000;8,643981;1955,736328;49,997002;117.867172;45,707565;41,269054;285,023
20120622-15:46:00;352,072296;1,696594;597,323619;280,959259;1,677259;471,241504;225,713181;4,652787;1045,671143;49,978008;97.857506;45,132339;40,770775;285,063
20120622-15:48:00;351,542480;1,649063;579,715778;279,291321;1,631340;455,619111;226,105469;4,489250;1011,713501;49,981007;97.718475;44,561169;40,355839;285,098
20120622-15:50:00;382,291412;4,981831;1904,511055;304,310394;5,043862;1534,899593;227,849457;14,494474;3291,242432;50,002998;95.692047;52,253525;43,649364;285,159
20120622-15:52:00;347,166595;1,164898;404,413562;263,730438;1,194705;315,080044;225,477463;3,128218;699,788147;50,007000;97.261200;48,893604;42,634525;285,238
20120622-15:54:00;344,321289;1,171342;403,318157;276,249786;1,193094;329,591868;225,778595;3,383787;726,469177;50,021008;99.121193;43,208549;39,619480;285,259
20120622-15:56:00;345,949982;1,291377;446,751790;277,682251;1,272042;353,223595;225,516754;3,489994;783,712097;50,001999;97.967026;43,516399;39,541771;285,291
20120622-15:58:00;354,603638;1,624090;575,908080;279,762268;1,628923;455,711276;225,804764;4,466686;1005,407043;50,009003;97.459106;44,367809;39,883396;285,328
20120622-16:00:00;346,695648;1,190677;412,802468;275,131287;1,191482;327,814093;225,896317;3,230397;724,528748;50,016006;97.827782;42,821835;39,001389;285,357
20120622-16:02:00;342,496368;1,015056;347,652999;265,614227;1,011028;268,543435;225,438156;2,664845;597,915161;50,017006;97.033211;41,846146;38,220364;285,379
20120622-16:04:00;347,990753;0,807211;280,902041;276,799225;0,786266;217,637712;225,189026;2,156907;480,518738;50,004002;96.385239;40,760365;37,510468;285,396
20120622-16:06:00;357,586304;1,218067;435,564179;286,375153;1,193094;341,672378;225,883240;3,495798;760,911926;50,002998;97.899658;40,659340;37,374615;285,414
20120622-16:08:00;358,861786;1,777959;638,041624;284,550232;1,769098;503,397157;226,170776;5,016144;1109,220459;49,979008;97.177391;42,087280;37,987144;285,448
20120622-16:10:00;358,331970;1,726401;618,624619;286,963837;1,698205;487,323386;226,092407;4,743071;1068,471191;50,010002;96.611336;43,193249;38,525242;285,489
20120622-16:12:00;345,459412;1,293794;446,953203;281,665680;1,254319;353,298668;226,249146;3,489994;781,771606;50,027016;97.690697;45,154263;39,213734;285,541
20120622-16:14:00;348,932648;0,961886;335,633570;280,233215;0,936107;262,328336;226,301361;2,595127;583,361877;50,000000;97.558365;41,076302;37,205048;285,562
20120622-16:16:00;297,403168;5,924383;1761,930178;286,630249;5,532055;1585,654411;228,651886;14,482020;3308,221191;49,993000;98.824127;41,333332;37,520256;285,586
20120622-16:18:00;348,265472;1,446858;503,890577;277,839233;1,425106;395,950471;226,183838;3,906301;879,763733;49,976013;97.768799;43,571468;38,429672;285,648
20120622-16:20:00;380,093658;4,913354;1867,534848;293,007660;5,380602;1576,557706;228,858521;14,506918;3306,765869;49,978008;96.012688;43,835976;38,862465;285,689
20120622-16:22:00;351,895691;2,123562;747,272184;267,046692;2,086504;557,193986;226,783844;5,847803;1321,698364;49,975014;101.321014;47,367439;41,039467;285,782
20120622-16:24:00;351,483612;5,320988;1870,240145;253,349976;5,693981;1442,569991;228,173370;14,333120;3260,195312;49,969021;98.411774;51,512318;42,972332;285,865
20120622-16:26:00;344,242798;2,397466;825,310302;272,207489;2,409550;655,897477;227,486176;8,195167;1998,425903;49,983006;134.918671;44,949169;40,195534;285,929
20120622-16:28:00;344,949219;1,441218;497,147194;269,460297;1,461358;393,778075;226,627472;3,967992;867,635986;49,980007;97.385941;43,886189;39,438969;285,971
20120622-16:30:00;341,946930;1,826295;624,496056;270,676910;1,805350;488,666481;226,510147;4,902173;1116,011963;49,998001;100.255981;47,795868;41,499825;286,027
20120622-16:32:00;341,691833;0,913550;312,152724;270,127472;0,908717;245,469371;226,118530;2,424502;543,582947;49,985004;97.482315;42,476044;38,587063;286,051
20120622-16:34:00;329,466827;2,035751;670,712536;273,463348;1,962442;536,655874;226,901047;4,955418;1120,377930;50,009003;92.795029;51,176857;42,525604;286,121
20120622-16:36:00;344,851105;1,567698;540,622265;276,053558;1,510500;416,978920;226,783844;4,200791;921,483154;49,988003;96.228279;44,987286;40,201008;286,160
20120622-16:38:00;342,123535;1,500833;513,470222;274,974304;1,466998;403,386651;226,927078;3,962888;894,317017;50,001999;97.541618;45,293835;40,222408;286,197
20120622-16:40:00;343,654114;1,014250;348,551322;266,830841;1,012639;270,203392;225,843994;2,856536;602,281128;50,018005;97.337624;42,223137;38,337231;286,222
20120622-16:42:00;350,679077;0,914356;320,645537;279,683777;0,885354;247,619262;225,700073;2,466220;553,770203;49,993999;97.449318;40,839920;37,410122;286,238
20120622-16:44:00;351,463989;1,429134;502,289308;276,328278;1,421078;392,684159;226,301361;3,988340;873,942444;50,000999;97.650093;44,863575;39,565769;286,274
20120622-16:46:00;353,720612;1,082726;382,982672;271,187103;1,089171;295,369175;224,676834;2,933802;656,128296;49,987003;96.723892;42,106277;37,812138;286,301
20120622-16:48:00;338,611053;0,707317;239,505292;264,476105;0,706511;186,855330;224,479538;2,108928;413,088531;49,980007;96.887123;39,993565;36,594757;286,317
20120622-16:50:00;339,297852;0,758070;257,211398;277,172058;0,733096;203,193728;224,229370;2,019622;445,105743;50,001999;96.676979;39,456711;36,290031;286,333
20120622-16:52:00;336,334808;0,577615;194,272098;267,929718;0,550225;147,421586;224,400574;1,450155;318,007080;49,989002;93.067886;38,920620;35,697475;286,346
20120622-16:54:00;359,430847;0,555864;199,794681;284,000793;0,551836;156,721866;224,939682;1,573243;343,717865;49,992001;96.410072;38,231991;35,273956;286,356
20120622-16:56:00;362,511627;1,651480;598,680731;287,061951;1,645035;472,227033;224,887115;4,751579;1041,790161;50,000000;97.281036;39,686344;35,983387;286,377
20120622-16:58:00;346,950745;0,932885;323,665080;271,815033;0,932885;253,572116;225,333298;2,702785;560,076660;50,000000;97.027122;39,456715;35,680954;286,404
20120622-17:00:00;350,561340;0,653342;229,036304;269,774261;0,654953;176,689414;225,542984;1,770448;390,773499;50,005001;96.314697;38,300518;34,970451;286,421
20120622-17:02:00;329,996643;2,282265;753,139771;298,148834;2,179954;649,950617;225,935562;6,497262;1462,865112;50,014004;104.260216;38,821476;35,281296;286,439
20120622-17:04:00;401,678741;4,470274;1795,614214;298,835632;5,571530;1664,971650;227,953156;14,488941;3297,548828;50,023010;95.288750;44,499439;38,312256;286,501
20120622-17:06:00;360,196136;1,533057;552,201156;290,927643;1,487138;432,649458;225,490585;4,272388;959,321655;50,013004;97.407837;42,286156;37,078888;286,547
20120622-17:08:00;396,949646;4,619310;1833,633620;304,388885;5,344350;1626,760843;227,745728;14,555208;3303,370117;50,020008;95.462242;50,267330;40,724213;286,608
20120622-17:10:00;352,641357;5,168730;1822,707887;281,763794;5,088170;1433,661964;227,083237;13,950301;3158,807617;50,005001;97.003952;49,909710;42,205425;286,711
20120622-17:12:00;349,089630;5,064002;1767,790432;281,194733;4,963302;1395,654283;226,940094;13,452686;3048,687744;49,981007;96.372406;51,120010;42,836510;286,812
20120622-17:14:00;349,168121;5,102671;1781,689931;278,094330;5,053529;1405,357701;227,434189;13,553677;3071,972900;49,977009;96.389297;51,593285;43,388474;286,913
20120622-17:16:00;348,128113;5,459551;1900,623303;278,643768;5,169535;1440,458757;226,731720;14,104680;3191,794922;49,974014;95.531776;49,104500;42,532299;286,999
20120622-17:18:00;346,440552;5,274263;1827,218716;276,661865;5,214649;1442,694442;227,174286;13,871018;3144,254150;49,969021;96.157112;52,799988;43,962708;287,069
20120622-17:20:00;342,947693;2,288710;784,907691;219,539902;2,378937;522,271544;225,961700;5,672841;1258,634155;49,972015;96.286270;44,704369;40,592651;287,136
20120622-17:22:00;345,322052;1,798099;620,923333;277,505646;1,750569;485,792744;225,791687;4,860814;1093,696899;49,971016;98.823616;43,969433;40,026028;287,164
20120622-17:24:00;351,934937;2,032529;715,317921;279,291321;2,001916;559,117811;224,321579;5,495926;1230,012695;49,970016;96.514297;45,714928;40,741398;287,210
20120622-17:26:00;349,599823;2,246819;785,487365;281,292847;2,200899;619,097247;224,308411;6,153374;1359,051758;49,979008;96.758270;49,021782;42,459431;287,282
20120622-17:28:00;298,541290;4,186703;1249,903777;288,317810;3,561558;1026,860537;225,162811;10,085455;2352,070557;49,998001;103.307602;46,929253;41,351673;287,333
20120622-17:30:00;364,218811;5,233984;1906,315253;279,860382;5,491776;1536,930393;226,640488;14,552454;3292,697754;50,000000;95.627731;52,919498;43,828659;287,403
20120622-17:32:00;344,517517;1,479082;509,569531;275,425629;1,450080;399,389206;225,267761;4,073674;887,040344;50,009003;97.588631;45,216179;40,646496;287,459
20120622-17:34:00;342,300140;4,442079;1520,524125;270,480682;4,266458;1153,994352;225,987854;7,615212;1709,785889;50,000999;63.928734;47,323402;41,626457;287,501
20120622-17:36:00;347,990753;5,381408;1872,680298;278,584900;5,297626;1475,838481;227,330292;14,185477;3212,654541;49,985004;95.942558;53,728176;44,479767;287,588
20120622-17:38:00;344,419403;5,310515;1829,044545;276,975830;5,275875;1461,289751;226,262207;14,019124;3171,905518;49,975014;96.400711;52,368198;44,427757;287,688
20120622-17:40:00;357,056488;3,977247;1420,101931;281,037750;4,034445;1133,831293;225,293991;11,012263;2466,071289;49,981007;96.559738;47,335606;42,122795;287,741
20120622-17:42:00;331,095520;3,912799;1295,510338;279,723022;3,852379;1077,599188;226,118530;10,381721;2334,121582;50,005001;98.357094;50,200382;43,838474;287,835
20120622-17:44:00;338,002747;5,606976;1895,173299;269,460297;5,545751;1494,359607;227,122253;14,423757;3262,620850;49,999001;96.255768;56,054993;46,101677;287,942
20120622-17:46:00;333,901581;1,622478;541,748131;268,047455;1,564475;419,353622;224,939682;4,258166;928,274658;49,993999;96.584435;54,965786;46,065578;288,034
20120622-17:48:00;339,768799;5,248484;1783,271150;272,246735;5,189675;1412,872163;227,057220;13,664193;3096,713379;49,986004;96.889069;53,977814;45,691658;288,102
20120622-17:50:00;321,166382;0,988471;317,463722;257,784729;0,962692;248,167302;226,170776;2,641814;533,880737;50,007999;94.386749;47,280563;42,838375;288,166
20120622-17:52:00;340,023895;1,617645;550,037882;275,209778;1,616034;444,748268;227,005188;4,277117;968,538757;49,996002;97.361504;47,494724;42,892212;288,215
20120622-17:54:00;344,360535;5,478886;1886,711992;275,523743;5,391881;1485,591230;228,768158;13,872464;3167,054443;49,999001;93.913689;49,340569;43,916138;288,276
20120622-17:56:00;343,222412;1,549974;531,985967;268,989349;1,553197;417,793393;226,340515;4,127938;932,155518;50,000999;98.144432;46,804436;42,483379;288,340
20120622-17:58:00;354,034576;2,121950;751,243807;279,212830;2,086504;582,578681;226,484024;5,240429;1182,471924;50,011002;88.652870;45,039875;41,311272;288,369
20120622-18:00:00;347,931885;5,177591;1801,449108;278,192444;5,117171;1423,558386;227,771667;13,716925;3099,139160;50,032021;96.097115;49,717728;43,903313;288,450
20120622-18:02:00;341,750702;1,455719;497,493070;267,556885;1,475859;394,876312;226,118530;3,838336;865,210449;50,018005;96.956543;50,037670;43,449715;288,498
20120622-18:04:00;346,008850;1,180204;408,361041;267,105560;1,193899;318,897134;225,817856;3,121719;700,273254;50,037029;96.289497;44,205048;40,538193;288,524
20120622-18:06:00;344,968842;1,220484;421,028958;282,862671;1,198733;339,076776;226,105469;3,472522;750,239502;50,019009;98.701988;43,046391;39,709480;288,545
20120622-18:08:00;266,026306;5,177591;1377,375495;269,146332;5,066419;1363,607994;227,265289;11,979346;2771,205078;50,005001;101.102577;44,917961;40,465981;288,584
20120622-18:10:00;352,307770;5,404770;1904,142597;280,311707;5,369324;1505,084432;228,483856;14,351294;3273,293213;49,975014;96.012764;52,485767;43,734364;288,658
20120622-18:12:00;357,684418;4,654757;1664,934055;292,811432;4,542778;1330,177475;228,302795;12,371519;2855,614014;49,982006;95.342491;46,434052;41,716419;288,737
20120622-18:14:00;338,395203;1,501638;508,147235;274,836945;1,467803;403,406558;226,835922;3,988340;899,653198;49,987003;98.694473;45,817722;41,352951;288,798
20120622-18:16:00;321,539215;1,912494;614,941955;251,839020;2,055891;517,753644;227,005188;4,939096;1114,556641;49,987003;98.398605;47,228539;42,084236;288,842
20120622-18:18:00;346,342438;4,633006;1604,606460;274,385620;4,537139;1244,925812;228,315750;11,596351;2642,166016;50,000000;92.722794;48,428734;42,471031;288,911
20120622-18:20:00;346,244324;4,927050;1705,962969;277,564514;4,890798;1357,511864;228,781052;12,973028;2958,942383;49,999001;96.587784;51,301224;43,886768;288,987
20120622-18:22:00;341,593719;5,026944;1717,172553;274,012787;4,952829;1357,138445;228,354568;13,062392;2971,555176;49,994999;96.657600;52,834667;44,941830;289,084
20120622-18:24:00;342,457123;4,683759;1603,986541;271,932770;4,705510;1279,582276;227,992050;12,434597;2828,933105;50,001999;98.105278;52,878059;45,184971;289,181
20120622-18:26:00;336,432922;1,303461;438,527138;271,030121;1,282515;347,600273;225,189026;3,389776;760,426819;49,979008;96.730736;49,248077;43,729374;289,266
20120622-18:28:00;346,283569;1,294599;448,298465;271,324463;1,287349;349,289240;225,307098;3,501593;785,167419;50,000999;98.442772;44,374531;40,965969;289,288
20120622-18:30:00;350,168884;2,852630;998,902146;281,724548;2,838934;799,797518;226,013992;7,946047;1793,709717;50,000000;99.722580;46,481884;41,915283;289,327
20120622-18:32:00;347,657166;1,589449;552,583268;277,564514;1,603144;444,975899;225,896317;4,352089;978,726074;50,007999;98.112083;46,054588;41,691940;289,381
20120622-18:34:00;348,520569;5,296015;1845,770086;278,839996;5,223511;1456,523716;225,791687;14,106101;3179,182129;50,000999;96.271935;54,155190;45,135998;289,460
20120622-18:36:00;349,560577;1,578976;551,947775;275,798462;1,580587;435,923537;223,714966;4,324129;961,747192;49,977009;97.355515;45,615181;41,337654;289,505
20120622-18:38:00;344,164307;2,111478;726,695229;266,732727;2,176731;580,605489;224,255707;5,316862;1189,263428;49,986004;90.970917;50,678764;43,449097;289,559
20120622-18:40:00;350,816437;1,241430;435,513939;275,464874;1,248680;343,967478;223,754578;3,559013;761,882141;49,991001;97.742180;44,413712;40,453129;289,590
20120622-18:42:00;371,361511;3,075781;1142,226632;291,280853;3,053224;889,345717;224,992188;9,317409;2082,349854;49,997002;102.499413;47,270119;41,546314;289,631
20120622-18:44:00;337,806519;1,217262;411,198928;274,915436;1,192288;327,778386;223,635712;3,383787;722,588257;49,982006;97.782196;45,733295;40,791595;289,676
20120622-18:46:00;342,947693;1,091588;374,357593;269,990112;1,089171;294,065447;223,344925;3,075835;647,881409;49,982006;96.926849;43,234253;39,453651;289,700
20120622-18:48:00;344,439026;1,037613;357,394341;270,127472;1,037613;280,287721;223,728195;2,791699;619,260010;49,988003;97.111092;42,599037;38,900433;289,724
20120622-18:50:00;343,732605;0,679926;233,712871;280,586426;0,653342;183,318782;222,815231;1,861012;406,782104;49,993999;97.542259;41,108120;37,829887;289,740
20120622-18:52:00;338,768036;0,712150;241,253791;267,694244;0,702483;188,050719;222,921265;2,137848;416,484283;49,989002;97.013725;40,660564;37,510479;289,755
20120622-18:54:00;349,619446;0,758875;265,317545;283,372864;0,731485;207,282951;223,569672;2,294698;456,748352;49,985004;96.645760;40,252434;37,102867;289,769
20120622-18:56:00;344,792236;0,734707;253,321351;271,442200;0,728262;197,681154;222,974289;1,968210;432,977997;50,005001;96.003456;39,947639;36,798592;289,784
20120622-18:58:00;351,051910;0,706511;248,022106;275,700348;0,707317;195,007492;223,675369;1,936691;428,612030;50,000999;96.745689;39,532593;36,343876;289,799
20120622-19:00:00;340,985413;0,932885;318,100113;277,780365;0,911134;253,095037;223,714966;2,499083;553,770203;50,007999;96.949387;39,748150;36,344490;289,816
20120622-19:02:00;348,756042;0,959470;334,620826;274,778076;0,960275;263,862581;224,216202;2,626345;585,787415;50,019009;97.878639;39,803215;36,279629;289,836
20120622-19:04:00;341,181641;0,910328;310,587211;276,818848;0,897438;248,427866;224,979065;2,416070;539,216919;50,016006;96.458389;39,337929;35,885468;289,854
20120622-19:06:00;336,118958;0,832185;279,713105;271,775787;0,808017;219,599412;224,755722;2,213078;485,369812;50,013004;97.207619;38,897366;35,670551;289,872
20120622-19:08:00;356,369690;0,964303;343,648452;285,884583;0,961886;274,988494;224,663696;2,702785;605,191833;50,017006;97.826653;38,745609;35,449619;289,888
20120622-19:10:00;362,727478;1,444441;523,938384;285,904205;1,393688;398,461284;226,131592;3,998475;900,138306;50,017006;97.586586;40,640987;36,391602;289,919
20120622-19:12:00;348,971893;1,178593;411,295761;280,036987;1,166509;326,665608;226,027054;3,186104;717,737183;50,014004;97.259453;39,746925;35,884857;289,946
20120622-19:14:00;357,527435;1,092394;390,560695;284,354004;1,069031;303,983313;225,307098;3,035943;678,928467;50,015003;97.751686;39,091946;35,491261;289,968
20120622-19:16:00;349,854919;1,009417;353,149440;272,207489;1,009417;274,770818;224,768860;2,717810;605,676941;50,018005;96.457619;38,931019;35,276409;289,990
20120622-19:18:00;343,085052;0,860381;295,183802;268,224060;0,855547;229,478357;224,584778;2,276818;508,169952;50,007999;96.856606;38,321930;34,963722;290,009
20120622-19:20:00;346,754517;0,807211;279,904136;280,743408;0,783043;219,834218;225,673904;2,175796;484,399597;49,983006;96.930641;37,810303;34,578739;290,025
20120622-19:22:00;334,038940;0,703289;234,925843;273,090515;0,679121;185,461460;225,490585;1,816311;406,296997;49,975014;96.648254;37,509247;34,300812;290,040
20120622-19:24:00;335,922729;0,605006;203,235140;276,387146;0,579226;160,090741;225,018463;1,872016;351,479614;49,984005;96.739494;37,043362;33,953773;290,053
20120622-19:26:00;330,703064;0,577615;191,019117;274,679962;0,551836;151,578295;224,979065;1,793531;330,134827;49,974014;96.362320;36,721428;33,750000;290,064
20120622-19:28:00;345,675262;0,581643;201,059674;284,059662;0,549419;156,067839;224,768860;1,533350;342,747650;50,001999;95.973465;36,594757;33,546841;290,076
20120622-19:30:00;356,114594;0,582449;207,418532;289,750275;0,551836;159,894637;225,228394;1,612118;353,905182;50,000999;96.349709;36,391602;33,344223;290,087
20120622-19:32:00;359,077637;0,729874;262,081287;282,470215;0,732290;206,850240;225,005325;2,029744;452,867493;49,989002;96.574333;36,493172;33,384636;290,100
20120622-19:34:00;344,007324;0,708928;243,876441;267,654999;0,706511;189,101254;225,857086;1,872016;415,999176;49,994999;96.078667;36,496231;33,433033;290,115
20120622-19:36:00;348,834534;0,605811;211,327881;271,618805;0,602589;163,674459;225,503662;1,612118;359,241364;50,004002;95.797096;36,086872;33,043037;290,128
20120622-19:38:00;359,568207;0,704094;253,169964;290,908020;0,676704;196,858618;225,464355;1,968210;436,373779;49,985004;96.965790;36,041557;32,939018;290,142
20120622-19:40:00;348,461700;0,758875;264,438960;282,430969;0,732290;206,821501;225,634613;2,029744;454,807922;49,979008;96.508827;36,169476;33,119610;290,157
20120622-19:42:00;343,359772;0,631590;216,862744;268,145569;0,629174;168,710123;225,451263;1,936691;367,973358;49,990002;95.435486;35,883629;32,835590;290,171
20120622-19:44:00;339,709930;0,528474;179,527735;266,634613;0,523640;139,620559;225,647720;1,376844;305,879333;49,984005;95.842384;35,551239;32,533222;290,182
20120622-19:46:00;328,564178;0,451136;148,227137;256,018677;0,442274;113,230512;226,262207;1,163861;251,061996;50,002998;96.023964;35,172371;32,327629;290,192
20120622-19:48:00;333,057800;0,377021;125,569720;261,277588;0,371382;97,033691;226,183838;0,966928;210,312805;50,000000;94.478699;34,766068;32,110989;290,199
20120622-19:50:00;322,422241;0,322240;103,897341;259,668518;0,314990;81,792882;226,079330;0,798835;174,414719;49,994999;93.927788;34,461254;31,871653;290,206
20120622-19:52:00;332,704590;0,300489;99,974003;280,154724;0,269876;75,607037;225,974762;1,266806;164,712524;49,993999;93.809975;34,261036;31,717962;290,211
20120622-19:54:00;343,850342;0,301294;103,600188;285,688354;0,268265;76,640129;226,314423;0,825086;168,108292;49,993000;93.268974;34,156384;31,516630;290,217
20120622-19:56:00;341,966553;0,275515;94,216983;269,028595;0,270682;72,821096;225,005325;0,713874;154,525223;50,012001;92.508980;33,953159;31,413134;290,222
20120622-19:58:00;338,571808;0,277126;93,827187;263,946289;0,271487;71,658041;226,131592;0,713874;153,069901;50,017006;92.497620;33,852798;31,311562;290,227
20120622-20:00:00;341,319000;0,249736;85,239646;269,244446;0,245708;66,155515;225,909409;1,199202;137,061295;50,030018;90.532150;33,662502;31,165918;290,232
20120622-20:02:00;343,085052;0,225568;77,389013;270,618042;0,219929;59,516702;225,974762;0,650582;123,963341;50,024010;90.546509;33,648430;31,108402;290,236
20120622-20:04:00;336,943115;0,225568;76,003588;264,986298;0,219929;58,278119;225,464355;0,579771;122,993126;50,012001;91.593361;33,447716;30,905848;290,241
20120622-20:06:00;359,214996;0,223957;80,448644;285,217407;0,217512;62,038212;225,411957;0,616286;129,299545;50,007000;90.744896;33,346676;30,805500;290,245
20120622-20:08:00;356,153839;0,276321;98,412719;283,215881;0,270682;76,661333;224,874008;0,743353;160,831650;50,001999;91.864929;33,343613;30,803661;290,250
20120622-20:10:00;355,820251;0,328685;116,952711;282,470215;0,323046;91,250763;225,359528;0,922217;193,819092;50,011002;93.091187;33,343613;30,773649;290,255
20120622-20:12:00;344,301666;0,352047;121,210439;284,098907;0,323851;92,005772;224,860840;1,346359;200,125504;50,002998;93.860359;33,343613;30,705061;290,262
20120622-20:14:00;315,907471;0,319823;101,034540;269,872375;0,297266;80,223988;224,413742;1,299235;171,504059;50,004002;94.618477;33,242016;30,602850;290,268
20120622-20:16:00;344,929596;0,276321;95,311227;272,737305;0,270682;73,824975;225,097183;0,771628;157,435883;50,004002;93.082306;33,038754;30,498829;290,274
20120622-20:18:00;344,125061;0,276321;95,088917;271,972015;0,269070;73,179624;224,624252;0,771628;155,010330;49,997002;92.120804;32,950035;30,399616;290,279
20120622-20:20:00;330,428345;0,225568;74,534065;259,413422;0,217512;56,425535;225,070969;0,616286;118,142029;50,017006;90.212578;32,831913;30,309061;290,283
20120622-20:22:00;341,456360;0,199789;68,219159;268,479156;0,194150;52,125120;225,136581;0,540539;107,954735;49,976013;89.704910;32,719860;30,194000;290,287
20120622-20:24:00;351,856445;0,200594;70,580436;279,114716;0,195761;54,639720;225,307098;1,145763;109,410057;49,999001;87.374153;32,637253;30,181137;290,291
20120622-20:26:00;337,414062;0,224762;75,837998;265,574982;0,219929;58,407587;225,608444;1,163861;121,052689;50,007999;90.172562;32,732098;30,190327;290,296
20120622-20:28:00;341,574097;0,224762;76,773017;267,910095;0,219929;58,921146;225,713181;0,579771;119,112251;50,007000;87.779938;32,530773;29,997494;290,300
20120622-20:30:00;330,134003;0,223957;73,935758;257,372650;0,217512;55,981643;225,385727;1,163861;118,142029;50,011002;90.936264;32,429813;29,990765;290,304
20120622-20:32:00;340,573334;0,198983;67,768374;267,988586;0,194955;52,245768;225,870178;0,579771;108,439842;49,994999;90.355888;32,394936;29,889172;290,307
20120622-20:34:00;309,059113;0,195761;60,501660;261,473816;0,178843;46,762814;226,262207;0,540539;96,797218;49,997002;90.241638;32,326405;29,837164;290,311
20120622-20:36:00;333,548370;0,149036;49,710717;261,277588;0,143397;37,466373;225,385727;0,450689;75,452408;50,005001;86.550728;32,124466;29,687246;290,314
20120622-20:38:00;293,302002;0,136952;40,168295;265,162903;0,117618;31,187824;225,254654;0,397128;64,779999;49,998001;90.784088;32,022804;29,584431;290,316
20120622-20:40:00;331,154388;0,097478;32,280135;258,000580;0,091838;23,694362;226,301361;0,397128;45,375622;50,019009;81.064812;31,921209;29,482861;290,318
20120622-20:42:00;279,997742;0,091033;25,488979;236,454758;0,074115;17,524892;226,092407;0,250796;25,620115;50,016006;59.562450;31,821474;29,383030;290,319
20120622-20:44:00;299,954132;0,095061;28,513881;267,949341;0,066865;17,916380;224,992188;1,050369;26,103514;50,032021;56.220905;31,717962;29,280207;290,320
20120622-20:46:00;352,680603;0,098283;34,662579;280,841522;0,091838;25,792037;226,314423;1,070162;46,830952;50,021008;77.464638;31,717962;29,180468;290,321
20120622-20:48:00;359,725189;0,171593;61,726253;284,609100;0,169982;48,378310;226,927078;0,497878;97,767433;49,994999;88.795074;31,819639;29,279594;290,324
20120622-20:50:00;348,579437;0,226374;78,909187;287,336670;0,196566;56,480736;227,122253;1,181669;122,993126;50,013004;90.843636;31,835548;29,381191;290,327
20120622-20:52:00;350,855682;0,250542;87,903943;277,721497;0,247319;68,685860;226,000946;0,713874;143,852814;50,018005;91.866013;31,921209;29,381804;290,332
20120622-20:54:00;354,328918;0,249736;88,488691;280,449066;0,246514;69,134510;225,503662;0,713874;142,882599;50,000999;90.648201;31,921209;29,381191;290,336
20120622-20:56:00;354,113068;0,250542;88,720054;282,195496;0,243291;68,655685;225,267761;0,683021;144,337921;49,988003;91.715485;31,822086;29,331011;290,341
20120622-20:58:00;346,754517;0,276321;95,815491;273,129761;0,270682;73,931206;224,532181;0,743353;155,980560;49,981007;91.890182;31,823921;29,333458;290,346
20120622-21:00:00;337,355194;0,198983;67,128019;264,476105;0,194150;51,347930;224,347916;1,127360;106,014297;50,000000;89.481705;31,714291;29,259401;290,351
20120622-21:02:00;336,177826;0,173204;58,227346;259,374176;0,169982;44,088837;224,308411;0,497878;89,520576;49,957035;87.494049;31,602316;29,171892;290,354
20120622-21:04:00;340,004272;0,172398;58,616194;264,848938;0,169176;44,806083;224,558502;1,127360;90,490791;49,966022;87.496422;31,514795;29,076378;290,357
20120622-21:06:00;320,872040;0,173204;55,576322;247,345398;0,165148;40,848599;224,532181;1,108638;84,669479;49,976013;87.808708;31,514795;29,076378;290,360
20120622-21:08:00;298,737518;0,169982;50,779881;269,205200;0,143397;38,603167;224,834564;0,450689;80,303497;49,980007;89.841980;31,413134;28,974804;290,362
20120622-21:10:00;330,428345;0,148230;48,979527;254,645081;0,142591;36,310150;224,781998;0,450689;73,997078;50,000000;86.759712;31,360514;28,889740;290,365
20120622-21:12:00;317,555786;0,149036;47,327246;239,103836;0,142591;34,094105;224,597946;0,397128;71,571533;50,007000;87.902657;31,312174;28,873215;290,367
20120622-21:14:00;325,973969;0,149036;48,581858;249,915985;0,140174;35,031824;224,781998;0,397128;73,997078;50,019009;88.498764;31,211197;28,773985;290,370
20120622-21:16:00;347,519806;0,145814;50,673114;272,246735;0,144202;39,258636;224,979065;0,397128;77,392838;49,997002;86.057304;31,209972;28,771538;290,372
20120622-21:18:00;356,350067;0,149036;53,108990;282,352478;0,144202;40,715908;224,979065;0,497878;80,788605;50,014004;86.105721;31,311562;28,771538;290,375
20120622-21:20:00;329,015503;0,149036;49,035156;255,920563;0,141786;36,285852;225,333298;0,450689;73,997078;49,993000;86.727852;31,311562;28,803993;290,377
20120622-21:22:00;336,393677;0,097478;32,790848;263,867798;0,091838;24,233198;225,005325;0,397128;46,830952;50,009003;82.124916;31,209972;28,770313;290,379
20120622-21:24:00;326,503784;0,097478;31,826805;251,250336;0,091838;23,074430;224,571640;0,333595;44,405403;50,010002;80.882339;31,110237;28,669966;290,381
20120622-21:26:00;319,086365;0,095866;30,589663;243,460083;0,091033;22,162854;225,425064;0,397128;42,950077;50,017006;81.418060;31,107790;28,568371;290,382
20120622-21:28:00;284,530609;0,088616;25,213966;262,219482;0,067670;17,744499;224,597946;0,250796;24,653318;50,007000;57.388733;30,932775;28,567148;290,383
20120622-21:30:00;310,373840;0,072504;22,503345;233,158127;0,065254;15,214407;225,320190;0,333595;16,435545;50,002998;43.575092;30,905235;28,464964;290,384
20120622-21:32:00;281,646057;0,068476;19,285995;220,658401;0,055586;12,265606;225,307098;0,333595;13,535155;50,019009;42.898472;30,905235;28,466801;290,384
20120622-21:34:00;272,580322;0,060420;16,469304;258,746246;0,041086;10,630745;225,935562;0,250796;8,701171;50,012001;32.107582;30,803661;28,368893;290,385
20120622-21:36:00;317,869751;0,048336;15,364553;247,168793;0,041086;10,155078;225,987854;0,333595;4,833984;49,983006;18.942217;30,803661;28,263020;290,385
20120622-21:38:00;310,785919;0,047530;14,771780;249,189941;0,041086;10,238118;225,948639;0,333595;5,317382;49,989002;21.261112;30,705673;28,162668;290,385
20120622-21:40:00;304,428131;0,046725;14,224344;220,658401;0,041086;9,065883;225,922470;0,250796;3,383789;49,986004;14.528793;30,701998;28,162056;290,385
20120622-21:42:00;273,855804;0,045114;12,354621;186,396988;0,037863;7,057587;225,987854;1,050369;0,000000;49,997002;0.000000;30,701998;28,162056;290,385
20120622-21:44:00;247,129547;0,035446;8,759853;258,020203;0,015306;3,949360;225,608444;0,333595;0,000000;49,996002;0.000000;30,602850;28,162056;290,385
20120622-21:46:00;306,586639;0,022557;6,915614;238,240433;0,014501;3,454677;225,621552;0,333595;0,000000;50,016006;0.000000;30,600403;27,966742;290,385
20120622-21:48:00;273,090515;0,020946;5,720045;192,087601;0,016112;3,094915;225,582260;1,050369;0,000000;50,011002;0.000000;30,563076;27,857210;290,385
20120622-21:50:00;282,018890;0,020140;5,679860;140,911331;0,012084;1,702773;225,556061;0,250796;0,000000;50,009003;0.000000;30,498829;27,761095;290,385
20120622-21:52:00;184,787918;0,022557;4,168224;160,298660;0,012890;2,066186;225,490585;0,250796;0,000000;50,005001;0.000000;30,500666;27,843136;290,385
20120622-21:54:00;264,456482;0,016918;4,473969;142,598892;0,010473;1,493410;225,490585;1,050369;0,000000;50,022011;0.000000;30,495153;27,857210;290,385
20120622-21:56:00;250,288818;0,015306;3,831021;144,423813;0,007250;1,047130;225,647720;1,050369;0,000000;50,014004;0.000000;30,397781;27,752527;290,385
20120622-21:58:00;237,553635;0,013695;3,253345;144,345322;0,006445;0,930277;225,843994;0,333595;0,000000;50,027016;0.000000;30,397169;27,658297;290,385
20120622-22:00:00;244,225372;0,014501;3,541463;141,696243;0,004834;0,684903;225,529861;0,333595;0,000000;50,037029;0.000000;30,397169;27,654015;290,385
20120622-22:02:00;134,416183;0,011278;1,516000;148,505356;0,004834;0,717815;226,379669;0,250796;0,000000;50,032021;0.000000;30,367182;27,653402;290,385
20120622-22:04:00;140,420761;0,011278;1,583722;152,979355;0,004028;0,616201;225,987854;1,030175;0,000000;50,011002;0.000000;30,300493;27,450739;290,385
20120622-22:06:00;142,186813;0,012890;1,832731;146,641190;0,002417;0,354402;225,987854;0,250796;0,000000;50,011002;0.000000;30,295599;27,450739;290,385
20120622-22:08:00;142,638138;0,009667;1,378911;144,992874;0,000806;0,116806;225,870178;0,333595;0,000000;50,015003;0.000000;30,291925;27,349777;290,385
20120622-22:10:00;141,892471;0,008056;1,143086;177,802200;0,000806;0,143237;225,228394;0,250796;0,000000;50,015003;0.000000;30,194613;27,349165;290,385
20120622-22:12:00;137,124130;0,005639;0,773270;139,871323;0,004834;0,676082;225,477463;0,250796;0,000000;50,011002;0.000000;30,204401;27,248182;290,385
20120622-22:14:00;141,244919;0,004834;0,682721;139,930191;0,003222;0,450911;225,215286;0,333595;0,000000;50,010002;0.000000;30,193388;27,244511;290,385
20120622-22:16:00;134,612411;0,004028;0,542219;139,949814;0,002417;0,338231;226,118530;0,250796;0,000000;49,976013;0.000000;30,093559;27,146000;290,385
20120622-22:18:00;140,852463;0,003222;0,453883;138,478104;0,001611;0,223116;226,053177;0,250796;0,000000;49,978008;0.000000;30,092335;27,146000;290,385
20120622-22:20:00;140,244156;0,002417;0,338942;140,715103;0,000806;0,113360;225,490585;0,250796;0,000000;50,005001;0.000000;30,092335;27,136818;290,385
20120622-22:22:00;140,204910;0,002417;0,338847;39,991268;0,000806;0,032217;225,634613;0,250796;0,000000;50,010002;0.000000;30,061735;27,046267;290,385
20120622-22:24:00;138,635086;0,002417;0,335053;28,354948;0,001611;0,045685;225,477463;0,333595;0,000000;49,975014;0.000000;29,999329;27,044428;290,385
20120622-22:26:00;140,165665;0,002417;0,338752;14,834838;0,000806;0,011951;225,333298;0,333595;0,000000;49,989002;0.000000;29,990765;27,044428;290,385
20120622-22:28:00;140,558121;0,000806;0,113234;152,783127;0,000000;0,000000;225,451263;0,250796;0,000000;49,996002;0.000000;29,990765;26,965473;290,385
20120622-22:30:00;147,543839;0,000000;0,000000;140,204910;0,000000;0,000000;225,542984;0,250796;0,000000;49,993000;0.000000;29,990765;26,942827;290,385
20120622-22:32:00;6,259674;0,001611;0,010086;127,960281;0,000000;0,000000;225,830948;0,250796;0,000000;49,990002;0.000000;29,984032;26,939768;290,385
20120622-22:34:00;5,474761;0,001611;0,008821;114,793388;0,000000;0,000000;225,948639;1,050369;0,000000;50,013004;0.000000;29,990152;27,045040;290,385
20120622-22:36:00;4,670227;0,000806;0,003762;104,393303;0,000000;0,000000;224,532181;0,333595;0,000000;49,974014;0.000000;29,889172;27,044428;290,385
